{
  "model": "unsloth/Qwen3-1.7B",
  "obs_dim": 18,
  "n_actions": 4,
  "action_names": [
    "ALLOW",
    "BLOCK",
    "FORK",
    "QUARANTINE"
  ],
  "episode_length": 40,
  "reward_gamma": 0.98,
  "prompt_overlap": 0,
  "baselines": {
    "random": {
      "mean_reward": 1067.38,
      "fpr": 0.7236598890942699,
      "allow_pct": 0.2535,
      "block_pct": 0.246,
      "fork_pct": 0.244,
      "quarantine_pct": 0.2565,
      "rewards": [
        1309.0,
        828.0,
        1030.0,
        1299.0,
        1180.0,
        1179.0,
        1225.0,
        725.0,
        946.0,
        1052.0,
        1019.0,
        392.0,
        1211.0,
        1311.0,
        1341.0,
        1236.0,
        1003.0,
        1113.0,
        1560.0,
        1191.0,
        1487.0,
        689.0,
        1053.0,
        1246.0,
        1372.0,
        1435.0,
        547.0,
        1334.0,
        1249.0,
        1055.0,
        696.0,
        769.0,
        1062.0,
        1355.0,
        968.0,
        1106.0,
        1181.0,
        823.0,
        1103.0,
        896.0,
        234.0,
        1187.0,
        1110.0,
        947.0,
        1115.0,
        1272.0,
        1169.0,
        1231.0,
        581.0,
        947.0
      ]
    },
    "heuristic": {
      "mean_reward": 669.74,
      "fpr": 0.0,
      "allow_pct": 0.779,
      "block_pct": 0.1455,
      "fork_pct": 0.0755,
      "quarantine_pct": 0.0,
      "rewards": [
        1013.0,
        1079.0,
        1144.0,
        756.0,
        634.0,
        597.0,
        504.0,
        703.0,
        584.0,
        432.0,
        419.0,
        1037.0,
        586.0,
        725.0,
        697.0,
        870.0,
        570.0,
        541.0,
        574.0,
        903.0,
        700.0,
        374.0,
        904.0,
        521.0,
        575.0,
        822.0,
        318.0,
        671.0,
        447.0,
        1032.0,
        486.0,
        979.0,
        898.0,
        586.0,
        359.0,
        216.0,
        516.0,
        795.0,
        595.0,
        525.0,
        1039.0,
        263.0,
        716.0,
        391.0,
        903.0,
        593.0,
        567.0,
        541.0,
        848.0,
        939.0
      ]
    },
    "quarantine_aware": {
      "mean_reward": 1746.68,
      "fpr": 0.14708994708994708,
      "allow_pct": 0.4855,
      "block_pct": 0.0585,
      "fork_pct": 0.4075,
      "quarantine_pct": 0.0485,
      "rewards": [
        1927.0,
        1645.0,
        1406.0,
        1704.0,
        1724.0,
        1531.0,
        1613.0,
        1498.0,
        1755.0,
        1483.0,
        1836.0,
        1902.0,
        1904.0,
        1691.0,
        1757.0,
        1770.0,
        1959.0,
        1821.0,
        1679.0,
        1425.0,
        1580.0,
        1436.0,
        1618.0,
        1915.0,
        1914.0,
        1819.0,
        1936.0,
        1908.0,
        2089.0,
        1954.0,
        1716.0,
        1522.0,
        1742.0,
        1952.0,
        1539.0,
        1816.0,
        1519.0,
        1809.0,
        1896.0,
        1772.0,
        1860.0,
        1814.0,
        1729.0,
        1755.0,
        1773.0,
        2062.0,
        2028.0,
        1594.0,
        1582.0,
        1655.0
      ]
    }
  },
  "train": {
    "rewards": [
      1990.0,
      1858.0,
      1846.0,
      1807.0,
      1692.0,
      1869.0,
      1414.0,
      1438.0,
      1991.0,
      1477.0,
      1319.0,
      1880.0,
      1446.0,
      1507.0,
      1700.0,
      2088.0,
      1518.0,
      1650.0,
      1758.0,
      1931.0,
      1895.0,
      1562.0,
      1610.0,
      1844.0,
      1813.0,
      1576.0,
      1889.0,
      1809.0,
      1613.0,
      1903.0,
      1757.0,
      1934.0,
      1715.0,
      2069.0,
      1390.0,
      1871.0,
      1901.0,
      1665.0,
      1861.0,
      1794.0,
      1618.0,
      2003.0,
      1536.0,
      1571.0,
      1840.0,
      2019.0,
      1497.0,
      1857.0,
      1338.0,
      1669.0
    ],
    "accuracies": [
      0.825,
      0.825,
      0.775,
      0.9,
      0.875,
      0.875,
      0.825,
      0.725,
      0.85,
      0.775,
      0.825,
      0.9,
      0.925,
      0.8,
      0.85,
      0.9,
      0.9,
      0.9,
      0.8,
      0.8,
      0.825,
      0.85,
      0.725,
      0.775,
      0.775,
      0.9,
      0.775,
      0.875,
      0.775,
      0.725,
      0.85,
      0.925,
      0.875,
      0.775,
      0.75,
      0.925,
      0.725,
      0.925,
      0.875,
      0.9,
      0.775,
      0.8,
      0.875,
      0.8,
      0.95,
      0.85,
      0.775,
      0.875,
      0.725,
      0.825
    ],
    "action_dist": {
      "ALLOW": 0.514,
      "BLOCK": 0.0475,
      "FORK": 0.3815,
      "QUARANTINE": 0.057
    }
  },
  "val": {
    "rewards": [
      1900.0,
      1646.0,
      1438.0,
      1629.0,
      1679.0,
      2029.0,
      1286.0,
      2122.0,
      1549.0,
      1443.0,
      1737.0,
      1493.0,
      1578.0,
      1740.0,
      1979.0,
      1756.0,
      1733.0,
      1941.0,
      1612.0,
      1561.0,
      1805.0,
      1702.0,
      1311.0,
      1872.0,
      1570.0,
      1484.0,
      1906.0,
      1585.0,
      1574.0,
      1865.0,
      1724.0,
      1733.0,
      2037.0,
      1900.0,
      1826.0,
      1612.0,
      948.0,
      1635.0,
      1368.0,
      1786.0,
      1952.0,
      1359.0,
      1508.0,
      1782.0,
      1599.0,
      1670.0,
      1868.0,
      1752.0,
      1687.0,
      1589.0
    ],
    "accuracies": [
      0.8,
      0.9,
      0.875,
      0.9,
      0.925,
      0.875,
      0.75,
      0.875,
      0.9,
      0.775,
      0.825,
      0.875,
      0.675,
      0.775,
      0.825,
      0.9,
      0.875,
      0.925,
      0.825,
      0.85,
      0.825,
      0.9,
      0.8,
      0.75,
      0.875,
      0.8,
      0.925,
      0.875,
      0.775,
      0.875,
      0.85,
      0.85,
      0.8,
      0.825,
      0.9,
      0.875,
      0.725,
      0.8,
      0.8,
      0.85,
      0.925,
      0.85,
      0.925,
      0.85,
      0.75,
      0.8,
      0.85,
      0.9,
      0.9,
      0.85
    ],
    "action_dist": {
      "ALLOW": 0.5345,
      "BLOCK": 0.0425,
      "FORK": 0.3655,
      "QUARANTINE": 0.0575
    }
  },
  "preflight": {
    "ok": true,
    "heuristic": {
      "label": "Heuristic (preflight)",
      "mean_reward": 671.64,
      "std_reward": 258.6848056745287,
      "mean_acc": 0.7375,
      "fpr": 0.0,
      "allow_pct": 0.79275,
      "block_pct": 0.13,
      "fork_pct": 0.07725,
      "quarantine_pct": 0.0,