{
  "model": "unsloth/Qwen3-1.7B",
  "obs_dim": 18,
  "n_actions": 4,
  "action_names": [
    "ALLOW",
    "BLOCK",
    "FORK",
    "QUARANTINE"
  ],
  "episode_length": 40,
  "reward_gamma": 0.98,
  "prompt_overlap": 0,
  "baselines": {
    "random": {
      "mean_reward": 1067.38,
      "fpr": 0.7236598890942699,
      "allow_pct": 0.2535,
      "block_pct": 0.246,
      "fork_pct": 0.244,
      "quarantine_pct": 0.2565,
      "rewards": [
        1309.0,
        828.0,
        1030.0,
        1299.0,
        1180.0,
        1179.0,
        1225.0,
        725.0,
        946.0,
        1052.0,
        1019.0,
        392.0,
        1211.0,
        1311.0,
        1341.0,
        1236.0,
        1003.0,
        1113.0,
        1560.0,
        1191.0,
        1487.0,
        689.0,
        1053.0,
        1246.0,
        1372.0,
        1435.0,
        547.0,
        1334.0,
        1249.0,
        1055.0,
        696.0,
        769.0,
        1062.0,
        1355.0,
        968.0,
        1106.0,
        1181.0,
        823.0,
        1103.0,
        896.0,
        234.0,
        1187.0,
        1110.0,
        947.0,
        1115.0,
        1272.0,
        1169.0,
        1231.0,
        581.0,
        947.0
      ]
    },
    "heuristic": {
      "mean_reward": 669.74,
      "fpr": 0.0,
      "allow_pct": 0.779,
      "block_pct": 0.1455,
      "fork_pct": 0.0755,
      "quarantine_pct": 0.0,
      "rewards": [
        1013.0,
        1079.0,
        1144.0,
        756.0,
        634.0,
        597.0,
        504.0,
        703.0,
        584.0,
        432.0,
        419.0,
        1037.0,
        586.0,
        725.0,
        697.0,
        870.0,
        570.0,
        541.0,
        574.0,
        903.0,
        700.0,
        374.0,
        904.0,
        521.0,
        575.0,
        822.0,
        318.0,
        671.0,
        447.0,
        1032.0,
        486.0,
        979.0,
        898.0,
        586.0,
        359.0,
        216.0,
        516.0,
        795.0,
        595.0,
        525.0,
        1039.0,
        263.0,
        716.0,
        391.0,
        903.0,
        593.0,
        567.0,
        541.0,
        848.0,
        939.0
      ]
    },
    "quarantine_aware": {
      "mean_reward": 1746.68,
      "fpr": 0.14708994708994708,
      "allow_pct": 0.4855,
      "block_pct": 0.0585,
      "fork_pct": 0.4075,
      "quarantine_pct": 0.0485,
      "rewards": [
        1927.0,
        1645.0,
        1406.0,
        1704.0,
        1724.0,
        1531.0,
        1613.0,
        1498.0,
        1755.0,
        1483.0,
        1836.0,
        1902.0,
        1904.0,
        1691.0,
        1757.0,
        1770.0,
        1959.0,
        1821.0,
        1679.0,
        1425.0,
        1580.0,
        1436.0,
        1618.0,
        1915.0,
        1914.0,
        1819.0,
        1936.0,
        1908.0,
        2089.0,
        1954.0,
        1716.0,
        1522.0,
        1742.0,
        1952.0,
        1539.0,
        1816.0,
        1519.0,
        1809.0,
        1896.0,
        1772.0,
        1860.0,
        1814.0,
        1729.0,
        1755.0,
        1773.0,
        2062.0,
        2028.0,
        1594.0,
        1582.0,
        1655.0
      ]
    }
  },
  "train": {
    "rewards": [
      1990.0,
      1858.0,
      1846.0,
      1807.0,
      1692.0,
      1869.0,
      1414.0,
      1438.0,
      1991.0,
      1477.0
    ],
    "accuracies": [
      0.825,
      0.825,
      0.775,
      0.9,
      0.875,
      0.875,
      0.825,
      0.725,
      0.85,
      0.775
    ],
    "action_dist": {
      "ALLOW": 0.505,
      "BLOCK": 0.05,
      "FORK": 0.39,
      "QUARANTINE": 0.055
    }
  },
  "val": {
    "rewards": [
      1900.0,
      1646.0,
      1438.0,
      1629.0,
      1679.0
    ],
    "accuracies": [
      0.8,
      0.9,
      0.875,
      0.9,
      0.925
    ],
    "action_dist": {
      "ALLOW": 0.615,
      "BLOCK": 0.055,
      "FORK": 0.285,
      "QUARANTINE": 0.045
    }
  },
  "preflight": {},
  "grpo_val_curve": [
    {
      "step": 0,
      "exact_match": 0.535,
      "safety_acc": 0.615
    },
    {
      "step": 5,
      "exact_match": 0.535,
      "safety_acc": 0.615
    }
  ],
  "best_val_reward": 0.535,
  "improvements": {
    "heuristic_over_random": -397.6400000000001,
    "quarantine_over_heuristic": 1076.94,
    "fpr_reduction_heur_vs_rand": 0.7236598890942699,
    "fpr_reduction_qaw_vs_heur": -0.14708994708994708
  }
}